<?xml version="1.0" encoding="UTF-8" standalone="yes"?>
<addon id="plugin.video.nocable" name="No Cable" version="1.0" provider-name="Bang">
  <extension point="xbmc.python.pluginsource"
			library="default.py">
		<provides>video</provides>
  </extension>
  <extension point="xbmc.addon.metadata">
	<summary lang="en">No Cable TV</summary>
	<language>en</language>
	<description lang="en">No Cable TV</description>
	<platform>all</platform>
	<assets>
		<icon>icon.png</icon>
		<fanart>fanart.jpg</fanart>
	</assets>
  </extension>
</addon>