<addon id="plugin.video.sportshroud"
       name="SportShroud"
       version="1.0.0"
       provider-name="Bang">
    <requires>
        <import addon="xbmc.python" version="3.0.0"/>
    </requires>
    <extension point="xbmc.addon.metadata">
        <summary>SportShroud - TV</summary>
        <description>SportShroud TV Addon</description>
        <platform>all</platform>
    </extension>
    <extension point="xbmc.python.pluginsource" library="default.py">
        <provides>video</provides>
    </extension>
</addon>
